id,brand,webpage
18,Conceito Modular,https://www.conceitomodular.com.br
32,Construtora Leal,https://www.construtoraleal.com.br
51,SRI Homes,https://www.srihomes.com
61,Cedar Ridge Homes,https://www.cedarridgehomes.ca
78,BC Timberframe,https://www.bctimberframe.ca
109,Collective Carpentry,https://www.collectivecarpentry.com
112,Island TimberFrame,https://www.islandtimberframe.com
114,BC Passive House,https://www.bcpassivehouse.com
118,Structurlam,https://www.structurlam.com
120,B.C. Passive House,https://bcpassivehouse.com
128,Kettle River Timberworks Ltd.,https://www.kettlerivertimber.com
135,Naikoon Contracting Ltd.,https://naikooncontracting.com
138,Build Prefab,https://buildprefab.com
139,High Performance Homes,https://www.highperformancehomes.ca
140,Prefabulous Living,https://www.prefabulousliving.com
156,Supreme Homes,https://www.supremehomes.ca
169,East Coast Homes,https://www.eastcoasthomes.ca
172,Mini Home Sales,https://www.minihomesales.ca
176,Haven Modular,https://havenmodular.com
183,Bonneville Homes,https://www.maisonsbonneville.com
192,Green Terra Homes,https://www.greenterrahomes.com
196,Maisons Usinées Confort Design,https://www.confortdesign.com
226,Bâtiments Préfabriqués Nordiques,https://bpn.ca
233,Maisons Bonneville,https://maisonsbonneville.com
237,Batitech,https://www.batitech.ca/
263,Maisons Usinées Bâtitech,https://www.batitech.ca
264,Maisons Usinées Charpentes Montmorency,https://www.charpentesmontmorency.com
268,Habitation Trigone,https://www.habitationtrigone.com
351,Renggli AG,https://www.renggli.swiss
353,SchwörerHaus,https://www.schwoererhaus.com
383,Element Nor,https://www.elementnor.no
386,Límtré Vírnet,https://www.limtrevirnet.is
387,Modularwise,https://www.modularwise.co.uk
388,We Build Eco,https://www.webuildeco.com
393,Scandia-Hus,https://www.scandia-hus.co.uk
395,Tingdene Homes,https://www.tingdene.co.uk
397,Homestead Timber Buildings,https://www.homesteadtimberbuildings.co.uk
403,Facit Homes,https://facit-homes.com
421,Maisons Phénix,https://www.maisons-phenix.com
436,Green Habitat,https://www.greenhabitat.es
446,Heijmans ONE,https://www.heijmans.nl/en/heijmans-one/
450,Woonpioniers,https://www.woonpioniers.nl
460,Machiels Building Solutions,https://www.machielsbuildingsolutions.be
466,Wolf System,https://www.wolfsystem.at
468,Weissenseer,https://www.weissenseer.com
474,Zenker Hausbau,https://www.zenker-hausbau.at
488,VästkustVillan,https://www.vastkustvillan.se
498,Lasse Larsen Huse,https://www.lasselarsenhuse.dk/
505,Hirsiset,https://www.hirsiset.fi
506,Lapponia House,https://lapponiahouse.fi
511,Vieskan Elementti,https://www.vieskanelementti.fi
527,RD Rýmařov,https://www.rdrymarov.cz
532,Dřevostavby Biskup,https://www.drevostavbybiskup.cz
538,Wood System,https://www.woodsystem.cz
544,Moravské dřevostavby,https://www.moravskedrevostavby.cz
558,Timber Frame Ireland,https://www.timberframeireland.ie
563,Ecokit,https://www.ecokit.ro
566,Case Calduroase,https://www.casecalduroase.ro
568,WOLF Haus,https://www.wolfhaus.hu
569,Thermo-Block,https://thermo-block.hu
575,ForDom,https://www.fordom.sk
591,Gradnja,https://www.gradnja.hr
593,Jelovica Hiše,https://www.jelovica-hise.si
601,Ekokoncept,https://www.ekokoncept.si
607,Kodumaja,https://www.kodumaja.ee
609,Cross Timber Systems,https://www.crosstimbersystems.lv
610,Eco House,https://www.ecohouse.lv
613,TimberART,https://www.timberart.lv
619,EstNor,https://www.estnor.ee
625,Finnlog,https://www.finnlog.ee
626,Greencube,https://greencube.ee
629,Rubner Haus,https://www.haus.rubner.com
649,Prefab UAE,https://www.prefabuae.com
651,Byldis Middle East,https://www.byldis.com
652,Gulf Precast,https://www.gulfprecast.ae
653,Algeco,https://www.algeco.com
667,Hitech Modular Buildings,https://www.hitechmodular.com
670,Dubai Precast,https://www.dubaiprecast.com
685,Affinity by Vantem,http://www.affinitybuildingsystems.com/
687,Blue Ridge Log Cabins,http://www.blueridgelogcabins.com/
695,Heritage Homes of Nebraska,http://heritagehomesofne.com/
696,Huntington Homes,http://www.huntingtonhomesvt.com/
698,Impact Housing,http://www.impacthousing.global/
701,Daiwa House,http://www.daiwahouse.co.jp/English/index.html
719,パルコン (Palcon),http://www.palcon.jp/
721,トヨタホーム,http://www.toyotahome.co.jp/
722,トヨタT&S建設,http://www.toyota-ts.co.jp/
724,セキスイハウス (Sekisui House),https://www.sekisuihouse.co.jp
725,百年住宅,https://www.wpc100.co.jp/
756,Shelter,http://www.shelterhomes.ca/
760,Mein Schwabenhaus,https://mein-schwabenhaus.at
761,Wolf Haus,https://www.wolfhaus.at
768,BL Sport Houses,http://www.blsporthouses.com
769,Братя Пашкулеви,http://www.paskulevi.com
771,Еврохолц,https://www.euroholz.eu
772,Екозид,http://www.ecozid.com
773,Ted House,http://www.ted-house.com
774,ТЕС,http://www.tes-bg.com
775,LapWall,http://www.lapwall.fi
784,Haas Fertighaus,http://haas-fertighaus.de/hp1/Startseite.htm#1
787,HBB Holzbau Bayern,https://holzbau-bayern.de/
793,ARBIO,https://www.arbio.ch/
795,Hemp Built,http://www.hempbuilt.com.au/
808,Bespoke Outdoors Living,https://www.bespokeoutdoorsliving.com/geodesic-glamping-dome/
815,Podmakers,https://www.podmakers.co.uk/the-escape-pod-2
818,Berghaus Tiny House,https://berghaus-tinyhouse.com/magdalena-tinyhousemodel/
830,MIND,https://mind.masaveu.com
836,SecoSteel,https://www.secosteel.com
837,Tini Living,https://www.tiniliving.com
838,SF System,https://www.sfsystem.es
839,Enerblock,https://www.enerblock.net
882,R-Anell Homes,http://r-anell.com/
883,Fleetwood Homes,http://fleetwoodhomes.com/
884,Cavco,https://cavco.com/northcarolina
885,Nationwide Homes,http://nationwide-homes.com/
886,Destiny Home Builders,http://destinyhomebuilders.com/
910,Prefab Homes,https://prefabhomes.uk.com/
929,Krattiger Holzbau,http://krattigerholzbau.ch
931,schaerholzbau,http://www.schaerholzbau.ch
936,Dores,https://dores.house/
938,Bitus Latvia,https://bitus.com/latvia-lv/koka-majas/
944,Jēkabpils PMK,https://jpmk.lv/
947,SVM BALTIC,http://www.svmbaltic.com
950,Ecodomus,http://ecodomus.lt/
951,Kriautė,http://www.kriaute.lt
952,LHM Grupė,http://www.lhm.lt
959,011h,http://www.011h.com/
973,Woodea,http://www.woodea.es/
1023,Теремъ,https://terem-pro.ru
1024,ДубльДом,https://dubldom.com
1025,Промстрой,https://promstroy.ru
1027,РусьДом,https://rusdom.ru
1028,ЮгСтройДом,https://yugstroydom.ru
1030,КаркасДомСтрой,https://karkasdomstroy.ru
1032,СтройПанельКомплект,https://www.stroypanel.ru
1035,СК Блок-Контейнер,https://block-container.ru
1037,СибКаркас,https://sibkarkas.ru
1041,Экопан,https://www.ecopan.ru
1042,ЛенСтройДом,https://lenstroydom.ru
1046,СборДом,https://sbordom.ru
1047,ООО Блок-контейнер,https://block-container.ru
1050,ПанельСтрой,https://www.panelstroy.ru
1051,СтройМодуль,https://www.stroymodule.ru
1054,ПанельКомплект,https://www.panelkomplekt.ru
1059,深蓝智慧家居 (DeepBlue Smarthouse),https://www.deepbluehome.com
1060,远大住工 (Broad Homes),http://www.bhome.com.cn/en/
1061,雅致集成房屋 (Yahgee),https://www.yahgee.com.cn
1063,九间集成房屋 (Jiujian),https://www.integrated-housing.com
1064,北新房屋 (Beixin Houses),https://www.bnbmhouse.com
1065,吉马钢木别墅 (Jima),https://www.jima1688.com
1066,杭萧钢构 (Hangxiao Steel),https://www.hangxiao.com
1069,Loom Crafts,https://www.loomcraftsprefab.com
1070,Darq India,https://www.darqindia.com
1072,Champion Prefabs,https://www.championprefabs.com
1074,Wedge India,https://www.wedge-india.com
1075,Pressmach,https://www.pressmach.com
1076,Việt Nhật Housing,https://vietnhathousing.com.vn
1077,Hoàng Sa Việt,https://hoangsaviet.vn
1078,BCD House,https://bcdhouse.vn
1079,Viet My Steel (VMSTEEL),https://vietmysteel.com
1080,Phước Thịnh Group,https://phuocthinhgroup.vn
1081,Lisocon,https://lisocon.vn
1085,Moduliv,https://www.moduliv.co.id
1087,공간제작소 (Space Factory),https://gg-arch.co.kr
1088,자이가이스트 (XiGEIST),https://xigeist.com
1089,주택백화점 (Housing Dept Store),https://modularprefabhomes.co.kr
1090,금강공업 (Geumkang Kind),https://www.kumkangkind.com
1091,스마트하우스 하루홈 (Smart House),https://www.smarthousing.co.kr
1092,Golden Sharp,https://gsprefab.com.my
1095,Seas Concept,https://seasconcept.com
1104,Kampa Italia,https://www.kampa.it
1112,Realta Legno,https://www.realtalegno.com
1125,Olivero Bioedilizia,https://www.oliverobioedilizia.it
1126,Case Dani,https://www.casedani.com
1129,Costantini Legno,https://www.costantinilegno.it
1133,Ecohouse,https://ecohousesrl.it
1134,LAM Ambiente,https://www.lamambiente.it
1135,Avantgarde Construct,https://www.avantgardeconstruct.it
1140,Italica Steel Frame,https://italicasteelframe.com
1142,ABC Costruzioni,https://abccostruzioni.it
1143,Edilkap Prefabbricati,https://www.edilkap.com
1152,Logicobois,https://www.logicobois.fr
1157,Greenkub,https://www.greenkub.fr
1160,Maison Kokoon,https://www.maison-kokoon.fr
1167,OCM-O,https://ocm-o.fr
1179,SCANDI,https://scandi.ua
1180,МодульДім,https://moduldom.com.ua
1183,Scandidim,https://scandidim.com
1184,Profikarkas,https://profikarkas.com.ua
1185,UnitFab,https://unitfab.com
1195,Zibrano,https://zibrano.com.ua
1196,Modul Prefab,https://modulprefab.com
1206,City House,https://city-house.com.ua
1207,USP Izopan,https://izopan.com.ua
1209,Termo-BUD,https://termo-bud.com.ua
1210,NTK,https://ntkzavod.com.ua
1211,Promstan,https://www.promstan.com.ua
1215,massa haus,https://www.massa-haus.de
1237,Solitar,https://solitar.pl
1246,Polska Fabryka Domów,https://polskafabrykadomow.pl
1247,Bory Home,https://boryhome.pl
1254,SIP Panel Polska,https://sippanelpolska.pl
804,Eco Tiny House,https://ecotiny.house/products/tiny-houses/tinyvictor
809,Armadilla,https://armadilla.co.uk/kurv
826,Madeiguincho,https://www.madeiguincho.pt/melides-casa-na-rvore/9e0qt1oz73tqdjowdp264zawuzchl9
827,Mima Housing,https://www.mimahousing.com/mimalight
